PMID,Title,Authors,Citation,First Author,Journal/Book,Publication Year,Create Date,PMCID,NIHMS ID,DOI
"22298826","Functional connectivity of the frontal eye fields in humans and macaque monkeys investigated with resting-state fMRI","Hutchison RM, Gallivan JP, Culham JC, Gati JS, Menon RS, Everling S.","J Neurophysiol. 2012 May;107(9):2463-74. doi: 10.1152/jn.00891.2011. Epub 2012 Feb 1.","Hutchison RM","J Neurophysiol","2012","2012/02/03","","","10.1152/jn.00891.2011"
"33067998","Connectivity of the Cingulate Sulcus Visual Area (CSv) in Macaque Monkeys","De Castro V, Smith AT, Beer AL, Leguen C, Vayssière N, Héjja-Brichard Y, Audurier P, Cottereau BR, Durand JB.","Cereb Cortex. 2021 Jan 5;31(2):1347-1364. doi: 10.1093/cercor/bhaa301.","De Castro V","Cereb Cortex","2021","2020/10/17","PMC7786354","","10.1093/cercor/bhaa301"
"28003408","Intrinsic functional architecture of the macaque dorsal and ventral lateral frontal cortex","Goulas A, Stiers P, Hutchison RM, Everling S, Petrides M, Margulies DS.","J Neurophysiol. 2017 Mar 1;117(3):1084-1099. doi: 10.1152/jn.00486.2016. Epub 2016 Dec 21.","Goulas A","J Neurophysiol","2017","2016/12/23","PMC5340881","","10.1152/jn.00486.2016"
"30272135","Early Developmental Trajectories of Functional Connectivity Along the Visual Pathways in Rhesus Monkeys","Kovacs-Balint Z, Feczko E, Pincus M, Earl E, Miranda-Dominguez O, Howell B, Morin E, Maltbie E, Li L, Steele J, Styner M, Bachevalier J, Fair D, Sanchez M.","Cereb Cortex. 2019 Jul 22;29(8):3514-3526. doi: 10.1093/cercor/bhy222.","Kovacs-Balint Z","Cereb Cortex","2019","2018/10/02","PMC6644858","","10.1093/cercor/bhy222"
"30926817","Intrinsic functional architecture of the non-human primate spinal cord derived from fMRI and electrophysiology","Wu TL, Yang PF, Wang F, Shi Z, Mishra A, Wu R, Chen LM, Gore JC.","Nat Commun. 2019 Mar 29;10(1):1416. doi: 10.1038/s41467-019-09485-3.","Wu TL","Nat Commun","2019","2019/03/31","PMC6440970","","10.1038/s41467-019-09485-3"
"24133280","Large-scale brain networks in the awake, truly resting marmoset monkey","Belcher AM, Yen CC, Stepp H, Gu H, Lu H, Yang Y, Silva AC, Stein EA.","J Neurosci. 2013 Oct 16;33(42):16796-804. doi: 10.1523/JNEUROSCI.3146-13.2013.","Belcher AM","J Neurosci","2013","2013/10/18","PMC3797383","","10.1523/JNEUROSCI.3146-13.2013"
"19903877","Precuneus shares intrinsic functional architecture in humans and monkeys","Margulies DS, Vincent JL, Kelly C, Lohmann G, Uddin LQ, Biswal BB, Villringer A, Castellanos FX, Milham MP, Petrides M.","Proc Natl Acad Sci U S A. 2009 Nov 24;106(47):20069-74. doi: 10.1073/pnas.0905314106. Epub 2009 Nov 10.","Margulies DS","Proc Natl Acad Sci U S A","2009","2009/11/12","PMC2775700","","10.1073/pnas.0905314106"
"25947150","Connectivity reveals relationship of brain areas for reward-guided learning and decision making in human and monkey frontal cortex","Neubert FX, Mars RB, Sallet J, Rushworth MF.","Proc Natl Acad Sci U S A. 2015 May 19;112(20):E2695-704. doi: 10.1073/pnas.1410767112. Epub 2015 May 6.","Neubert FX","Proc Natl Acad Sci U S A","2015","2015/05/08","PMC4443352","","10.1073/pnas.1410767112"
"27063864","Decreased functional connectivity in dorsolateral prefrontal cortical networks in adult macaques with neonatal hippocampal lesions: Relations to visual working memory deficits","Meng Y, Hu X, Bachevalier J, Zhang X.","Neurobiol Learn Mem. 2016 Oct;134 Pt A(Pt A):31-37. doi: 10.1016/j.nlm.2016.04.003. Epub 2016 Apr 7.","Meng Y","Neurobiol Learn Mem","2016","2016/04/12","PMC6329462","NIHMS1001069","10.1016/j.nlm.2016.04.003"
